measure,estimate,std_error,df,statistic,p_value,model,n
max_doy,0.18099547511376257,0.062222916340603195,138,2.9088234007388536,0.016034568224679024,doy ~ measure * year,25
mig_end_doy,0.09311886105320484,0.06222291634060165,138,1.4965364294962016,0.13679751520917174,doy ~ measure * year,25
mig_start_doy,0.17611190817851996,0.06222291634059675,138,2.8303383791032215,0.016034568224679024,doy ~ measure * year,25
p50_doy,0.14744509436097883,0.06222291634059989,138,2.3696268679192753,0.02878592838339032,doy ~ measure * year,25
peak_end_doy,0.13196667034592632,0.06222291634060064,138,2.120869256972092,0.04286534091777686,doy ~ measure * year,25
peak_start_doy,0.15494978479252686,0.062222916340601855,138,2.4902366186815748,0.02790527367610816,doy ~ measure * year,25
