model,term,estimate,std_error,statistic,p_value,n,model_r_squared,model_adj_r_squared,model_f,model_p
mig_dur_days ~ year,(Intercept),191.38914027150122,192.0630424639093,0.9964912448341813,0.3293805003621548,25,0.03177737853260416,-0.010319257183369457,0.7548674138001509,0.3939157471499245
mig_dur_days ~ year,year,-0.08299304712504536,0.09552265196557351,-0.86883106171462,0.3939157471499236,25,0.03177737853260416,-0.010319257183369457,0.7548674138001509,0.3939157471499245
peak_dur_days ~ year,(Intercept),55.730769230769646,63.7060354436062,0.874811449852402,0.3907204507335207,25,0.022365577492941862,-0.0201402669638866,0.5261765241638154,0.47553516807757223
peak_dur_days ~ year,year,-0.022983114446529285,0.03168422916621031,-0.7253802617688316,0.4755351680775709,25,0.022365577492941862,-0.0201402669638866,0.5261765241638154,0.47553516807757223
