model,term,estimate,estimate_exp,std_error,statistic,p_value,n
mig_pop_max ~ year,(Intercept),-66.87655171606396,9.034052727320727e-30,20.08399714688989,-3.329842721393741,8.689505219474168e-4,25
mig_pop_max ~ year,year,0.03625499439387577,1.0369202216258135,0.009988605548799729,3.6296352095145368,2.838220344606744e-4,25
mig_raw_max ~ year,(Intercept),-75.41358006728679,1.7713252611150813e-33,20.04802464800428,-3.761646416111823,1.6879856182835742e-4,25
mig_raw_max ~ year,year,0.040803480100418864,1.0416473809912026,0.009970783640181509,4.092304233338682,4.271077815842416e-5,25
